{
  "work_roles": [
    {
      "omp_id": "711",
      "wrl_id": "OG-WRL-004",
      "title": "Cyber Instructional Curriculum Developer",
      "description": "Develops, plans, coordinates, and evaluates cyber training/education courses, methods, and techniques based on instructional needs.",
      "community": "EN",
      "category": "OG",
      "keywords": [
        "needs",
        "og",
        "based",
        "training",
        "development",
        "instructional",
        "developer",
        "develops",
        "security",
        "curriculum",
        "cyber",
        "en",
        "techniques",
        "education",
        "courses",
        "plans",
        "evaluates",
        "coordinates",
        "methods"
      ]
    },
    {
      "omp_id": "712",
      "wrl_id": "OG-WRL-005",
      "title": "Cyber Instructor",
      "description": "Develops and conducts training or education of personnel within cyber domain.",
      "community": "EN",
      "category": "OG",
      "keywords": [
        "og",
        "cyber",
        "training",
        "personnel",
        "en",
        "education",
        "conducts",
        "develops",
        "security",
        "instructor",
        "domain"
      ]
    },
    {
      "omp_id": "801",
      "wrl_id": "OG-WRL-010",
      "title": "Program Manager",
      "description": "Leads, coordinates, communicates, integrates and is accountable for the overall success of the program, ensuring alignment with critical agency priorities.",
      "community": "EN",
      "category": "OG",
      "keywords": [
        "critical",
        "integrates",
        "og",
        "priorities",
        "alignment",
        "agency",
        "coordinates",
        "management",
        "en",
        "manager",
        "ensuring",
        "program",
        "communicates",
        "accountable",
        "leads",
        "success",
        "overall"
      ]
    },
    {
      "omp_id": "802",
      "wrl_id": "OG-WRL-011",
      "title": "IT Project Manager",
      "description": "Work that involves directly managing information technology projects to provide a unique service or product.",
      "community": "EN",
      "category": "OG",
      "keywords": [
        "og",
        "service",
        "technical",
        "information",
        "projects",
        "product",
        "directly",
        "provide",
        "management",
        "manager",
        "en",
        "involves",
        "project",
        "technology",
        "unique",
        "work",
        "managing"
      ]
    },
    {
      "omp_id": "803",
      "wrl_id": "OG-WRL-009",
      "title": "Product Support Manager",
      "description": "Manages the package of support functions required to field and maintain the readiness and operational capability of systems and components.",
      "community": "EN",
      "category": "OG",
      "keywords": [
        "og",
        "required",
        "readiness",
        "maintain",
        "manages",
        "operations",
        "manager",
        "field",
        "package",
        "operational",
        "en",
        "support",
        "functions",
        "systems",
        "components",
        "technical",
        "product",
        "management",
        "capability"
      ]
    },
    {
      "omp_id": "804",
      "wrl_id": "OG-WRL-015",
      "title": "IT Investment/Portfolio Manager",
      "description": "Manages a portfolio of IT capabilities that align with the overall needs of mission and business enterprise priorities.",
      "community": "EN",
      "category": "OG",
      "keywords": [
        "needs",
        "og",
        "investment",
        "business",
        "mission",
        "enterprise",
        "priorities",
        "management",
        "en",
        "manager",
        "align",
        "portfolio",
        "manages",
        "overall",
        "capabilities"
      ]
    },
    {
      "omp_id": "805",
      "wrl_id": "OG-WRL-016",
      "title": "IT Program Auditor",
      "description": "Conducts evaluations of an IT program or its individual components, to determine compliance with published standards.",
      "community": "EN",
      "category": "OG",
      "keywords": [
        "components",
        "compliance",
        "og",
        "evaluations",
        "standards",
        "auditor",
        "en",
        "analysis",
        "program",
        "conducts",
        "determine",
        "published",
        "individual"
      ]
    },
    {
      "omp_id": "732",
      "wrl_id": "OG-WRL-008",
      "title": "Privacy Compliance Manager",
      "description": "Develops and oversees privacy compliance program and privacy program staff, supporting privacy compliance needs of privacy and security executives and their teams.",
      "community": "EN",
      "category": "OG",
      "keywords": [
        "needs",
        "compliance",
        "teams",
        "og",
        "executives",
        "operations",
        "management",
        "en",
        "manager",
        "program",
        "develops",
        "staff",
        "security",
        "supporting",
        "privacy",
        "oversees"
      ]
    },
    {
      "omp_id": "751",
      "wrl_id": "OG-WRL-003",
      "title": "Cyber Workforce Developer and Manager",
      "description": "Develop cyberspace workforce plans, strategies and guidance to support cyberspace workforce manpower, personnel, training and education requirements and to address changes to cyberspace policy, doctrine, materiel, force structure, and education and training requirements.",
      "community": "EN",
      "category": "OG",
      "keywords": [
        "og",
        "personnel",
        "training",
        "development",
        "cyberspace",
        "policy",
        "changes",
        "operations",
        "developer",
        "manager",
        "requirements",
        "security",
        "develop",
        "doctrine",
        "guidance",
        "cyber",
        "materiel",
        "support",
        "address",
        "en",
        "education",
        "manpower",
        "plans",
        "management",
        "strategies",
        "workforce"
      ]
    },
    {
      "omp_id": "752",
      "wrl_id": "OG-WRL-002",
      "title": "Cyber Policy and Strategy Planner",
      "description": "Develops cyberspace plans, strategy and policy to support and align with organizational cyberspace missions and initiatives.",
      "community": "EN",
      "category": "OG",
      "keywords": [
        "strategy",
        "og",
        "missions",
        "operations",
        "cyber",
        "management",
        "en",
        "support",
        "policy",
        "cyberspace",
        "align",
        "organizational",
        "develops",
        "planner",
        "security",
        "initiatives",
        "plans"
      ]
    },
    {
      "omp_id": "901",
      "wrl_id": "OG-WRL-007",
      "title": "Executive Cyber Leader",
      "description": "Executes decision-making authorities and establishes vision and direction for an organization's cyber and cyber-related policies, resources, and/or operations, while maintaining responsibility for risk-related decisions affecting mission success.",
      "community": "EN",
      "category": "OG",
      "keywords": [
        "vision",
        "policies",
        "og",
        "risk",
        "decisions",
        "leader",
        "direction",
        "while",
        "related",
        "resources",
        "operations",
        "maintaining",
        "security",
        "organization",
        "decision",
        "responsibility",
        "cyber",
        "en",
        "making",
        "establishes",
        "executes",
        "executive",
        "management",
        "authorities"
      ]
    },
    {
      "omp_id": "731",
      "wrl_id": "OG-WRL-006",
      "title": "Cyber Legal Advisor",
      "description": "Provides legal advice and recommendations on relevant topics related to cyber law.",
      "community": "EN",
      "category": "OG",
      "keywords": [
        "recommendations",
        "og",
        "advice",
        "related",
        "cyber",
        "legal",
        "en",
        "topics",
        "advisor",
        "law",
        "security",
        "relevant",
        "provides"
      ]
    },
    {
      "omp_id": "211",
      "wrl_id": "IN-WRL-002",
      "title": "Forensics Analyst",
      "description": "Conducts deep-dive investigations on computer-based crimes establishing documentary or physical evidence, to include digital media and logs associated with cyber intrusion incidents.",
      "community": "EN",
      "category": "IN",
      "keywords": [
        "logs",
        "based",
        "include",
        "investigations",
        "analyst",
        "dive",
        "intrusion",
        "crimes",
        "in",
        "documentary",
        "security",
        "physical",
        "forensics",
        "evidence",
        "digital",
        "cyber",
        "en",
        "deep",
        "conducts",
        "associated",
        "media",
        "computer",
        "establishing",
        "analysis",
        "incidents"
      ]
    },
    {
      "omp_id": "221",
      "wrl_id": "IN-WRL-001",
      "title": "Cyber Crime Investigator",
      "description": "Identifies, collects, examines, and preserves evidence using controlled and documented analytical and investigative techniques.",
      "community": "EN",
      "category": "IN",
      "keywords": [
        "analytical",
        "identifies",
        "evidence",
        "cyber",
        "en",
        "using",
        "documented",
        "investigative",
        "techniques",
        "preserves",
        "security",
        "in",
        "controlled",
        "examines",
        "collects",
        "crime",
        "investigator"
      ]
    },
    {
      "omp_id": "411",
      "wrl_id": "IO-WRL-007",
      "title": "Technical Support Specialist",
      "description": "Provides technical support to customers who need assistance utilizing client level hardware and software in accordance with established or approved organizational process components.",
      "community": "IT",
      "category": "IO",
      "keywords": [
        "process",
        "accordance",
        "approved",
        "it",
        "assistance",
        "customers",
        "who",
        "operations",
        "software",
        "established",
        "organizational",
        "level",
        "provides",
        "utilizing",
        "hardware",
        "support",
        "client",
        "components",
        "specialist",
        "technical",
        "need",
        "io"
      ]
    },
    {
      "omp_id": "421",
      "wrl_id": "IO-WRL-002",
      "title": "Database Administrator",
      "description": "Administers databases and/or data management systems that allow for the storage, query, and utilization of data.",
      "community": "IT",
      "category": "IO",
      "keywords": [
        "administrator",
        "allow",
        "administers",
        "databases",
        "technical",
        "io",
        "management",
        "it",
        "storage",
        "analysis",
        "data",
        "utilization",
        "database",
        "query",
        "systems"
      ]
    },
    {
      "omp_id": "431",
      "wrl_id": "IO-WRL-003",
      "title": "Knowledge Manager",
      "description": "Responsible for the management and administration of processes and tools that enable the organization to identify, document, and access intellectual capital and information content.",
      "community": "IT",
      "category": "IO",
      "keywords": [
        "tools",
        "enable",
        "it",
        "processes",
        "responsible",
        "operations",
        "content",
        "manager",
        "organization",
        "knowledge",
        "capital",
        "information",
        "administration",
        "intellectual",
        "io",
        "management",
        "access",
        "document",
        "identify"
      ]
    },
    {
      "omp_id": "441",
      "wrl_id": "IO-WRL-004",
      "title": "Network Operations Specialist",
      "description": "Plans, implements, and operates network services/systems, to include hardware and virtual environments.",
      "community": "IT",
      "category": "IO",
      "keywords": [
        "operates",
        "specialist",
        "systems",
        "hardware",
        "operations",
        "virtual",
        "technical",
        "io",
        "network",
        "include",
        "it",
        "services",
        "plans",
        "environments",
        "implements"
      ]
    },
    {
      "omp_id": "451",
      "wrl_id": "IO-WRL-005",
      "title": "System Administrator",
      "description": "Installs, configures, troubleshoots, and maintains hardware, software, and administers system accounts.",
      "community": "IT",
      "category": "IO",
      "keywords": [
        "administrator",
        "administers",
        "hardware",
        "technical",
        "maintains",
        "io",
        "software",
        "installs",
        "accounts",
        "troubleshoots",
        "it",
        "system",
        "configures"
      ]
    },
    {
      "omp_id": "632",
      "wrl_id": "DD-WRL-004",
      "title": "Systems Developer",
      "description": "Designs, develops, tests, and evaluates information systems throughout the systems development lifecycle.",
      "community": "IT",
      "category": "DD",
      "keywords": [
        "lifecycle",
        "designs",
        "throughout",
        "technical",
        "information",
        "development",
        "developer",
        "dd",
        "develops",
        "it",
        "evaluates",
        "tests",
        "systems"
      ]
    },
    {
      "omp_id": "641",
      "wrl_id": "DD-WRL-006",
      "title": "Systems Requirements Planner",
      "description": "Consults with customers to evaluate functional requirements and translate functional requirements into technical solutions.",
      "community": "IT",
      "category": "DD",
      "keywords": [
        "technical",
        "solutions",
        "requirements",
        "translate",
        "dd",
        "planner",
        "functional",
        "it",
        "evaluate",
        "customers",
        "consults",
        "systems"
      ]
    },
    {
      "omp_id": "651",
      "wrl_id": "DD-WRL-002",
      "title": "Enterprise Architect",
      "description": "Develops and maintains business, systems, and information processes to support enterprise mission needs; develops information technology (IT) rules and requirements that describe baseline and target architectures.",
      "community": "IT",
      "category": "DD",
      "keywords": [
        "needs",
        "architect",
        "development",
        "rules",
        "it",
        "processes",
        "business",
        "mission",
        "operations",
        "requirements",
        "architectures",
        "develops",
        "enterprise",
        "information",
        "maintains",
        "support",
        "dd",
        "describe",
        "target",
        "systems",
        "technical",
        "baseline",
        "technology"
      ]
    },
    {
      "omp_id": "661",
      "wrl_id": "DD-WRL-008",
      "title": "Research & Development Specialist",
      "description": "Conducts software and systems engineering and software systems research in order to develop new capabilities, ensuring cybersecurity is fully integrated. Conducts comprehensive technology research to evaluate potential vulnerabilities in cyberspace systems.",
      "community": "IT",
      "category": "DD",
      "keywords": [
        "development",
        "order",
        "it",
        "software",
        "ensuring",
        "security",
        "fully",
        "develop",
        "cybersecurity",
        "engineering",
        "comprehensive",
        "conducts",
        "dd",
        "systems",
        "specialist",
        "technical",
        "research",
        "technology",
        "new",
        "integrated",
        "evaluate",
        "capabilities"
      ]
    },
    {
      "omp_id": "671",
      "wrl_id": "DD-WRL-007",
      "title": "System Testing and Evaluation Specialist",
      "description": "Plans, prepares, and executes tests of systems to evaluate results against specifications and requirements as well as analyze/report test results.",
      "community": "IT",
      "category": "DD",
      "keywords": [
        "well",
        "analyze",
        "testing",
        "it",
        "requirements",
        "system",
        "report",
        "dd",
        "test",
        "plans",
        "evaluation",
        "systems",
        "executes",
        "specifications",
        "specialist",
        "technical",
        "analysis",
        "against",
        "prepares",
        "evaluate",
        "tests",
        "results"
      ]
    },
    {
      "omp_id": "611",
      "wrl_id": "OG-WRL-013",
      "title": "Authorizing Official/Designated Representative",
      "description": "Senior official or executive with the authority to formally assume responsibility for operating an information system at an acceptable level of risk to organizational operations (including mission, functions, image, or reputation), organizational assets, individuals, other organizations, and the Nation (CNSSI 4009).",
      "community": "CS",
      "category": "OG",
      "keywords": [
        "og",
        "risk",
        "development",
        "senior",
        "including",
        "mission",
        "operations",
        "operating",
        "organizational",
        "security",
        "acceptable",
        "level",
        "system",
        "formally",
        "responsibility",
        "representative",
        "information",
        "designated",
        "functions",
        "authority",
        "cs",
        "image",
        "executive",
        "technical",
        "management",
        "reputation",
        "official",
        "authorizing",
        "assume"
      ]
    },
    {
      "omp_id": "612",
      "wrl_id": "OG-WRL-012",
      "title": "Security Control Assessor",
      "description": "Conducts independent comprehensive assessments of the management, operational, and technical security controls and control enhancements employed within or inherited by an information technology (IT) system to determine the overall effectiveness of the controls (as defined in NIST 800-37).",
      "community": "CS",
      "category": "OG",
      "keywords": [
        "og",
        "independent",
        "overall",
        "control",
        "employed",
        "inherited",
        "security",
        "assessments",
        "system",
        "assessor",
        "operational",
        "information",
        "comprehensive",
        "conducts",
        "determine",
        "cs",
        "technical",
        "management",
        "analysis",
        "technology",
        "controls",
        "enhancements",
        "effectiveness"
      ]
    },
    {
      "omp_id": "722",
      "wrl_id": "OG-WRL-014",
      "title": "Information Systems Security Manager",
      "description": "Responsible for the cybersecurity of a program, organization, system, or enclave.",
      "community": "CS",
      "category": "OG",
      "keywords": [
        "og",
        "enclave",
        "responsible",
        "technical",
        "information",
        "management",
        "manager",
        "program",
        "security",
        "organization",
        "cs",
        "system",
        "cybersecurity",
        "systems"
      ]
    },
    {
      "omp_id": "723",
      "wrl_id": "OG-WRL-001",
      "title": "COMSEC Manager",
      "description": "Manages the Communications Security (COMSEC) resources of an organization (CNSSI No. 4009).",
      "community": "CS",
      "category": "OG",
      "keywords": [
        "og",
        "communications",
        "resources",
        "cnssi",
        "management",
        "manager",
        "security",
        "organization",
        "4009",
        "manages",
        "comsec",
        "cs"
      ]
    },
    {
      "omp_id": "622",
      "wrl_id": "DD-WRL-005",
      "title": "Secure Software Assessor",
      "description": "Analyzes the security of new or existing computer applications, software, or specialized utility programs and provides actionable results.",
      "community": "CS",
      "category": "DD",
      "keywords": [
        "analyzes",
        "utility",
        "applications",
        "technical",
        "computer",
        "results",
        "specialized",
        "software",
        "programs",
        "existing",
        "dd",
        "security",
        "actionable",
        "new",
        "secure",
        "cs",
        "assessor",
        "provides"
      ]
    },
    {
      "omp_id": "631",
      "wrl_id": "DD-WRL-004",
      "title": "Information Systems Security Developer",
      "description": "Designs, develops, tests, and evaluates information system security throughout the systems development lifecycle.",
      "community": "CS",
      "category": "DD",
      "keywords": [
        "lifecycle",
        "designs",
        "throughout",
        "technical",
        "information",
        "development",
        "developer",
        "dd",
        "security",
        "develops",
        "cs",
        "evaluates",
        "system",
        "tests",
        "systems"
      ]
    },
    {
      "omp_id": "652",
      "wrl_id": "DD-WRL-001",
      "title": "Security Architect",
      "description": "Designs enterprise and systems security throughout the development lifecycle; translates technology and environmental conditions (e.g., law and regulation) into security designs and processes.",
      "community": "CS",
      "category": "DD",
      "keywords": [
        "translates",
        "lifecycle",
        "designs",
        "throughout",
        "enterprise",
        "architect",
        "regulation",
        "technical",
        "development",
        "dd",
        "security",
        "technology",
        "law",
        "cs",
        "conditions",
        "processes",
        "environmental",
        "systems"
      ]
    },
    {
      "omp_id": "462",
      "wrl_id": "N/A",
      "title": "Control Systems Security Specialist",
      "description": "Responsible for device, equipment, and system-level cybersecurity configuration and day-to-day security operations of control systems, including security monitoring and maintenance along with stakeholder coordination to ensure the system and its interconnections are secure in support of mission operations.",
      "community": "CS",
      "category": "N/A",
      "keywords": [
        "stakeholder",
        "including",
        "control",
        "responsible",
        "operations",
        "monitoring",
        "security",
        "level",
        "maintenance",
        "system",
        "cybersecurity",
        "device",
        "coordination",
        "equipment",
        "cs",
        "systems",
        "along",
        "specialist",
        "technical",
        "day",
        "configuration"
      ]
    },
    {
      "omp_id": "111",
      "wrl_id": "N/A",
      "title": "All-Source Analyst",
      "description": "Analyzes data/information from one or multiple sources to conduct preparation of the environment, respond to requests for information, and submit intelligence collection and production requirements in support of planning and operations.",
      "community": "CI",
      "category": "N/A",
      "keywords": [
        "requests",
        "environment",
        "data",
        "source",
        "collection",
        "preparation",
        "analyst",
        "operations",
        "requirements",
        "sources",
        "ci",
        "one",
        "conduct",
        "information",
        "support",
        "respond",
        "intelligence",
        "production",
        "multiple",
        "analyzes",
        "submit",
        "management",
        "planning",
        "analysis"
      ]
    },
    {
      "omp_id": "151",
      "wrl_id": "N/A",
      "title": "Multi-Disciplined Language Analyst",
      "description": "Applies language and culture expertise with target/threat and technical knowledge to process, analyze, and/or disseminate intelligence information derived from language, voice and/or graphic material. Creates, and maintains language specific databases and working aids to support cyber action execution and ensure critical knowledge sharing. Provides subject matter expertise in foreign language-intensive or interdisciplinary projects.",
      "community": "CI",
      "category": "N/A",
      "keywords": [
        "analyze",
        "voice",
        "process",
        "culture",
        "analyst",
        "language",
        "operations",
        "graphic",
        "security",
        "ci",
        "knowledge",
        "disseminate",
        "applies",
        "creates",
        "information",
        "maintains",
        "intelligence",
        "threat",
        "derived",
        "target",
        "multi",
        "disciplined",
        "technical",
        "analysis",
        "material",
        "expertise"
      ]
    },
    {
      "omp_id": "311",
      "wrl_id": "N/A",
      "title": "All-Source Collection Manager",
      "description": "Identifies collection authorities and environment; incorporates priority information requirements into collection management; develops concepts to meet leadership's intent. Determines capabilities of available collection assets, identifies new collection capabilities; and constructs and disseminates collection plans. Monitors execution of tasked collection to ensure effective execution of the collection plan.",
      "community": "CI",
      "category": "N/A",
      "keywords": [
        "identifies",
        "environment",
        "collection",
        "source",
        "intent",
        "requirements",
        "manager",
        "develops",
        "assets",
        "ci",
        "meet",
        "priority",
        "information",
        "concepts",
        "determines",
        "available",
        "leadership",
        "incorporates",
        "management",
        "authorities",
        "capabilities"
      ]
    },
    {
      "omp_id": "312",
      "wrl_id": "N/A",
      "title": "All-Source Collection Requirements Manager",
      "description": "Evaluates collection operations and develops effects-based collection requirements strategies using available sources and methods to improve collection. Develops, processes, validates, and coordinates submission of collection requirements. Evaluates performance of collection assets and collection operations.",
      "community": "CI",
      "category": "N/A",
      "keywords": [
        "based",
        "collection",
        "source",
        "processes",
        "operations",
        "validates",
        "requirements",
        "manager",
        "using",
        "sources",
        "develops",
        "ci",
        "submission",
        "improve",
        "effects",
        "available",
        "evaluates",
        "coordinates",
        "management",
        "methods",
        "strategies"
      ]
    },
    {
      "omp_id": "331",
      "wrl_id": "N/A",
      "title": "Cyber Intelligence Planner",
      "description": "Develops detailed intelligence plans to satisfy cyber operations requirements. Collaborates with cyber operations planners to identify, validate, and levy requirements for collection and analysis. Participates in targeting selection, validation, synchronization, and execution of cyber actions. Synchronizes intelligence activities to support organization objectives in cyberspace.",
      "community": "CI",
      "category": "N/A",
      "keywords": [
        "planners",
        "collaborates",
        "targeting",
        "participates",
        "collection",
        "operations",
        "requirements",
        "develops",
        "planner",
        "security",
        "ci",
        "levy",
        "cyber",
        "validate",
        "intelligence",
        "plans",
        "satisfy",
        "analysis",
        "detailed",
        "identify"
      ]
    },
    {
      "omp_id": "141",
      "wrl_id": "PD-WRL-006",
      "title": "Threat/Warning Analyst",
      "description": "Responsible for collecting, processing, analyzing, and disseminating cybersecurity threat/warning assessments. Develops cybersecurity indicators to maintain awareness of the status of the highly dynamic operating environment.",
      "community": "CE",
      "category": "PD",
      "keywords": [
        "warning",
        "ce",
        "environment",
        "maintain",
        "status",
        "pd",
        "responsible",
        "analyst",
        "collecting",
        "operating",
        "develops",
        "security",
        "assessments",
        "cybersecurity",
        "highly",
        "analyzing",
        "disseminating",
        "awareness",
        "dynamic",
        "threat",
        "indicators",
        "analysis",
        "processing"
      ]
    },
    {
      "omp_id": "112",
      "wrl_id": "N/A",
      "title": "Mission Assessment Specialist",
      "description": "Develops assessment plans and measures of performance/effectiveness. Conducts strategic and operational effectiveness assessments as required for cyber events. Determines whether systems performed as expected and provides input to the determination of operational effectiveness.",
      "community": "CE",
      "category": "N/A",
      "keywords": [
        "whether",
        "ce",
        "required",
        "assessment",
        "performance",
        "mission",
        "develops",
        "security",
        "assessments",
        "expected",
        "provides",
        "measures",
        "operational",
        "performed",
        "cyber",
        "conducts",
        "determines",
        "plans",
        "systems",
        "strategic",
        "specialist",
        "technical",
        "analysis",
        "events",
        "effectiveness"
      ]
    },
    {
      "omp_id": "121",
      "wrl_id": "N/A",
      "title": "Exploitation Analyst",
      "description": "Partners with cyberspace operations customers to identify access and collection gaps that can be satisfied through cyberspace exploitation. Develops detailed plans that are executed by cyber operators. Functions as navigator in cyber operations. Uses all source data to understand cyberspace targets. Employs all available techniques against targeted networks. Identifies capability gaps and submits cyberspace capability requirements to capability development organizations.",
      "community": "CE",
      "category": "N/A",
      "keywords": [
        "navigator",
        "satisfied",
        "ce",
        "development",
        "cyberspace",
        "collection",
        "exploitation",
        "executed",
        "partners",
        "customers",
        "operators",
        "analyst",
        "operations",
        "develops",
        "security",
        "gaps",
        "cyber",
        "functions",
        "plans",
        "technical",
        "access",
        "analysis",
        "detailed",
        "identify"
      ]
    },
    {
      "omp_id": "122",
      "wrl_id": "N/A",
      "title": "Digital Network Exploitation Analyst",
      "description": "The DNEA analyzes intercepted intelligence information for metadata and content. They use this data to reconstruct and document target networks to judge the intelligence value and maintain target continuity. DNEAs understand and analyze target implementation of communication technologies and digital network systems. They discover methods and suggest strategies to exploit specific target networks, computer systems, or specific hardware and/or software.",
      "community": "CE",
      "category": "N/A",
      "keywords": [
        "ce",
        "network",
        "data",
        "continuity",
        "exploitation",
        "maintain",
        "judge",
        "dnea",
        "analyst",
        "operations",
        "content",
        "metadata",
        "dneas",
        "use",
        "digital",
        "information",
        "intelligence",
        "target",
        "analyzes",
        "technical",
        "value",
        "analysis",
        "document",
        "networks",
        "reconstruct",
        "intercepted"
      ]
    },
    {
      "omp_id": "131",
      "wrl_id": "N/A",
      "title": "Joint Targeting Analyst",
      "description": "Conduct target development at the system, component and entity levels. Builds and maintains Electronic Target Folders (ETFs), to include inputs from JIPOE, Target System Analysis (TSA), GMI and other IC sources. Senior analysts run collaborative target working groups across Geographic Combatant Commands (GCCs) and IC members, and present candidate targets for IC vetting and commander's approval for inclusion on target lists. JTAs assess damage resulting from the application of lethal or non-lethal military force, and write Battle Damage Assessment (BDA) reports and coordinate federated support as required.",
      "community": "CE",
      "category": "N/A",
      "keywords": [
        "ce",
        "targeting",
        "joint",
        "development",
        "include",
        "inputs",
        "analyst",
        "operations",
        "levels",
        "system",
        "jipoe",
        "entity",
        "tsa",
        "conduct",
        "maintains",
        "builds",
        "component",
        "electronic",
        "target",
        "technical",
        "etfs",
        "analysis",
        "folders"
      ]
    },
    {
      "omp_id": "132",
      "wrl_id": "N/A",
      "title": "Target Digital Network Analyst",
      "description": "The TDNA conducts advanced analysis of collection and open-source data to ensure target continuity, profile targets and their activities, and develop techniques to gain more target cyberspace operations related information. They possess knowledge of target cyberspace technologies and apply skills and knowledge of cyberspace networks and the applications on them to determine how targets communicate, move, operate, and live within the cyberspace domain. TDNAs apply analytical techniques to review relevant content carried in target cyberspace communications. The TDNA uses data from networks of all forms for target development. TDNAs are technology savvy and can be flexible enough to rapidly shift from one target to another.",
      "community": "CE",
      "category": "N/A",
      "keywords": [
        "ce",
        "open",
        "development",
        "network",
        "advanced",
        "cyberspace",
        "data",
        "continuity",
        "ensure",
        "collection",
        "source",
        "activities",
        "gain",
        "more",
        "analyst",
        "operations",
        "profile",
        "security",
        "develop",
        "digital",
        "techniques",
        "conducts",
        "targets",
        "target",
        "technical",
        "tdna",
        "analysis"
      ]
    },
    {
      "omp_id": "133",
      "wrl_id": "N/A",
      "title": "Target Analyst Reporter",
      "description": "The Target Analyst Reporter (TAR) provides synthesized products to customers by researching, analyzing, and reporting intelligence via appropriate reporting vehicles in response to customer requirements and IAW missions of SIGINT, cybersecurity, and cyberspace operations. They prioritize, assess, evaluate, and report information obtained from SIGINT collection, cyber surveillance, and reconnaissance operations sources. The TAR enhances reporting with collateral information as required, maintains awareness of internal and external customer requirements, and collaborates with other collectors and analysts to refine collection and reporting requirements. The TAR shares target-related information and provides feedback to customers as appropriate. The TAR develops working aids and provides database updates on target activity to enhance and build target knowledge and improve collection. The TAR performs quality control and product-release functions.",
      "community": "CE",
      "category": "N/A",
      "keywords": [
        "ce",
        "development",
        "response",
        "researching",
        "customers",
        "tar",
        "via",
        "analyst",
        "iaw",
        "appropriate",
        "operations",
        "requirements",
        "products",
        "security",
        "provides",
        "analyzing",
        "vehicles",
        "intelligence",
        "reporting",
        "customer",
        "synthesized",
        "target",
        "reporter",
        "analysis"
      ]
    },
    {
      "omp_id": "321",
      "wrl_id": "N/A",
      "title": "Access Network Operator",
      "description": "Conducts access collection, processing, and/or geolocation of wired or wireless computer and digital networks in order to exploit, locate, and/or track targets of interest.",
      "community": "CE",
      "category": "N/A",
      "keywords": [
        "operator",
        "ce",
        "network",
        "order",
        "collection",
        "interest",
        "operations",
        "track",
        "exploit",
        "digital",
        "conducts",
        "wireless",
        "geolocation",
        "targets",
        "technical",
        "computer",
        "access",
        "networks",
        "processing",
        "wired",
        "locate"
      ]
    },
    {
      "omp_id": "322",
      "wrl_id": "N/A",
      "title": "Cyberspace Operator",
      "description": "Cyberspace Operators use a wide range of software applications for network navigation, tactical forensic analysis, surveillance and reconnaissance, and executing on-net operations in support of offensive cyberspace operations when directed.",
      "community": "CE",
      "category": "N/A",
      "keywords": [
        "operator",
        "ce",
        "applications",
        "navigation",
        "cyberspace",
        "network",
        "offensive",
        "reconnaissance",
        "tactical",
        "surveillance",
        "forensic",
        "range",
        "wide",
        "operators",
        "operations",
        "software",
        "security",
        "use",
        "support",
        "net",
        "technical",
        "executing",
        "analysis"
      ]
    },
    {
      "omp_id": "332",
      "wrl_id": "N/A",
      "title": "Cyber Operations Planner",
      "description": "The Cyberspace Operations Planner applies in-depth knowledge of the JOPP to develop detailed plans and orders supporting CCMD cyberspace operation requirements. Uses Joint, Service, and interagency planning and operational experience to conduct strategic and operational level planning across the full range of military operations for integrated information and cyberspace operations. Develops and maintains deliberate and crisis action planning products. Collaborates with cyberspace operators to identify and levy requirements for intelligence collection and analysis. Participates in targeting selection, validation, synchronization, and execution of complex cyberspace operations. Has sufficient technical knowledge to understand cyberspace operations capabilities, target vulnerabilities, and effects. Collaborates with cyberspace operators, analysts, enablers and planners to gain access and technical intelligence to meet planning objectives.",
      "community": "CE",
      "category": "N/A",
      "keywords": [
        "ce",
        "joint",
        "cyberspace",
        "uses",
        "supporting",
        "jopp",
        "depth",
        "service",
        "operations",
        "requirements",
        "security",
        "planner",
        "develop",
        "knowledge",
        "applies",
        "cyber",
        "plans",
        "operation",
        "interagency",
        "technical",
        "management",
        "analysis",
        "orders",
        "ccmd",
        "detailed"
      ]
    },
    {
      "omp_id": "333",
      "wrl_id": "N/A",
      "title": "Partner Integration Planner",
      "description": "Works to advance cooperation across organizational or national borders between cyber operations partners. Aids the integration of cyber partner teams by providing guidance, resources, and collaboration to develop best practices and facilitate organizational support for achieving objectives in integrated cyber actions.",
      "community": "CE",
      "category": "N/A",
      "keywords": [
        "teams",
        "ce",
        "providing",
        "partners",
        "cooperation",
        "between",
        "operations",
        "resources",
        "organizational",
        "security",
        "planner",
        "borders",
        "develop",
        "integration",
        "works",
        "guidance",
        "cyber",
        "aids",
        "collaboration",
        "advance",
        "partner",
        "national"
      ]
    },
    {
      "omp_id": "341",
      "wrl_id": "N/A",
      "title": "Cyberspace Capability Developer",
      "description": "Provides software and hardware capabilities that produce cyberspace effects in and throughout cyberspace operations through vulnerability analysis, and software research and development.",
      "community": "CE",
      "category": "N/A",
      "keywords": [
        "ce",
        "throughout",
        "hardware",
        "operations",
        "research",
        "technical",
        "produce",
        "development",
        "software",
        "developer",
        "cyberspace",
        "capability",
        "effects",
        "analysis",
        "capabilities",
        "security",
        "vulnerability",
        "provides"
      ]
    },
    {
      "omp_id": "442",
      "wrl_id": "N/A",
      "title": "Network Technician",
      "description": "The Network Technician provides enterprise and tactical infrastructure knowledge, experience, and integration to the Cyber Protection Team (CPT). The Network Technician supports CPT elements by understanding of network technologies, defining mission scope, and identifying terrain.",
      "community": "CE",
      "category": "N/A",
      "keywords": [
        "ce",
        "network",
        "tactical",
        "cpt",
        "team",
        "operations",
        "technician",
        "security",
        "integration",
        "understanding",
        "knowledge",
        "experience",
        "provides",
        "enterprise",
        "cyber",
        "elements",
        "technical",
        "infrastructure",
        "protection",
        "supports"
      ]
    },
    {
      "omp_id": "443",
      "wrl_id": "N/A",
      "title": "Network Analyst",
      "description": "The Network Analyst (NA) will understand network traffic signatures and discover anomalies through network traffic and packet capture (PCAP) analysis. The Network Analyst will identify, assess, and mitigate intrusions into networks that are vital to cyberspace operations security. Network Analysts also use GUI or command-line based tools and assist in developing network mapping and signatures. Network Analysts will develop advanced network detection rules and alerts, queries and dashboards to gain a holistic view of the network.",
      "community": "CE",
      "category": "N/A",
      "keywords": [
        "signatures",
        "ce",
        "anomalies",
        "mitigate",
        "network",
        "packet",
        "understand",
        "analyst",
        "operations",
        "security",
        "intrusions",
        "capture",
        "discover",
        "assess",
        "technical",
        "analysis",
        "pcap",
        "traffic",
        "identify"
      ]
    },
    {
      "omp_id": "463",
      "wrl_id": "N/A",
      "title": "Host Analyst",
      "description": "A Host Analyst (HA) will have knowledge of various system configurations encountered. This work role also performs analysis using built-in tools and capabilities. A Host Analyst will have knowledge of system services and the security and configuration of them, as well as knowledge of file systems, permissions, and operation system configurations. The Host Analyst conducts analysis using built-in tools and capabilities.",
      "community": "CE",
      "category": "N/A",
      "keywords": [
        "ce",
        "tools",
        "various",
        "analyst",
        "operations",
        "host",
        "performs",
        "using",
        "role",
        "built",
        "security",
        "system",
        "knowledge",
        "configurations",
        "encountered",
        "work",
        "technical",
        "analysis",
        "also",
        "capabilities"
      ]
    },
    {
      "omp_id": "551",
      "wrl_id": "N/A",
      "title": "Red Team Specialist",
      "description": "Leverages tools, systems, and utilities necessary to enhance the security posture of an organization, conducts threat and risk assessments, and performs testing and evaluation in accordance with legal and organizational requirements, policies, and regulations.",
      "community": "CE",
      "category": "N/A",
      "keywords": [
        "ce",
        "enhance",
        "risk",
        "tools",
        "testing",
        "accordance",
        "leverages",
        "team",
        "red",
        "performs",
        "requirements",
        "organizational",
        "security",
        "organization",
        "assessments",
        "legal",
        "conducts",
        "threat",
        "evaluation",
        "systems",
        "utilities",
        "specialist",
        "necessary",
        "technical",
        "posture",
        "analysis"
      ]
    },
    {
      "omp_id": "422",
      "wrl_id": "IO-WRL-001",
      "title": "Data Analyst",
      "description": "Analyzes and interprets data from multiple disparate sources and builds visualizations and dashboards to report insights.",
      "community": "DA",
      "category": "IO",
      "keywords": [
        "dashboards",
        "analyzes",
        "disparate",
        "analyst",
        "interprets",
        "report",
        "da",
        "io",
        "sources",
        "builds",
        "analysis",
        "data",
        "visualizations",
        "insights",
        "multiple"
      ]
    },
    {
      "omp_id": "423",
      "wrl_id": "N/A",
      "title": "Data Scientist",
      "description": "Uncovers and explains actionable insights from data by combining scientific method, math and statistics, specialized programming, advanced analytics, AI, and storytelling.",
      "community": "DA",
      "category": "N/A",
      "keywords": [
        "da",
        "development",
        "advanced",
        "data",
        "statistics",
        "combining",
        "programming",
        "storytelling",
        "analytics",
        "method",
        "uncovers",
        "math",
        "specialized",
        "scientific",
        "insights",
        "scientist",
        "explains",
        "analysis",
        "actionable"
      ]
    },
    {
      "omp_id": "424",
      "wrl_id": "N/A",
      "title": "Data Steward",
      "description": "Develops and maintains plans, policies, and processes for data management, data governance, security, quality, accessibility, use, and disposal.",
      "community": "DA",
      "category": "N/A",
      "keywords": [
        "policies",
        "use",
        "da",
        "maintains",
        "management",
        "disposal",
        "analysis",
        "data",
        "develops",
        "security",
        "processes",
        "accessibility",
        "quality",
        "plans",
        "steward",
        "governance"
      ]
    },
    {
      "omp_id": "623",
      "wrl_id": "N/A",
      "title": "AI/ML Specialist",
      "description": "Designs, develops, and modifies AI applications, tools, and/or other solutions to enable successful accomplishment of mission objectives.",
      "community": "DA",
      "category": "N/A",
      "keywords": [
        "specialist",
        "applications",
        "designs",
        "mission",
        "tools",
        "solutions",
        "enable",
        "successful",
        "development",
        "da",
        "objectives",
        "modifies",
        "develops",
        "accomplishment"
      ]
    },
    {
      "omp_id": "624",
      "wrl_id": "N/A",
      "title": "Data Operations Specialist",
      "description": "Builds, manages, and operationalizes data pipelines.",
      "community": "DA",
      "category": "N/A",
      "keywords": [
        "specialist",
        "technical",
        "operations",
        "da",
        "builds",
        "operationalizes",
        "pipelines",
        "data",
        "analysis",
        "manages"
      ]
    },
    {
      "omp_id": "653",
      "wrl_id": "N/A",
      "title": "Data Architect",
      "description": "Designs a system's data models, data flow, interfaces, and infrastructure to meet the information requirements of a business or mission.",
      "community": "DA",
      "category": "N/A",
      "keywords": [
        "designs",
        "business",
        "interfaces",
        "architect",
        "information",
        "mission",
        "technical",
        "da",
        "development",
        "requirements",
        "infrastructure",
        "flow",
        "analysis",
        "data",
        "system",
        "meet",
        "models"
      ]
    },
    {
      "omp_id": "672",
      "wrl_id": "N/A",
      "title": "AI Test & Evaluation Specialist",
      "description": "Performs testing, evaluation, verification, and validation on AI solutions to ensure they are developed to be and remain robust, resilient, responsible, secure, and trustworthy; and communicates results and concerns to leadership.",
      "community": "DA",
      "category": "N/A",
      "keywords": [
        "da",
        "testing",
        "trustworthy",
        "ensure",
        "remain",
        "responsible",
        "performs",
        "resilient",
        "secure",
        "verification",
        "solutions",
        "communicates",
        "test",
        "developed",
        "robust",
        "leadership",
        "evaluation",
        "concerns",
        "specialist",
        "management",
        "analysis",
        "validation",
        "results"
      ]
    },
    {
      "omp_id": "733",
      "wrl_id": "N/A",
      "title": "AI Risk and Ethics Specialist",
      "description": "Educates those involved in the development of AI and conducts assessments on the technical and societal risks across the lifecycle of AI solutions from acquisition or design to deployment and use.",
      "community": "DA",
      "category": "N/A",
      "keywords": [
        "those",
        "risk",
        "da",
        "educates",
        "development",
        "design",
        "security",
        "assessments",
        "lifecycle",
        "use",
        "solutions",
        "conducts",
        "deployment",
        "acquisition",
        "risks",
        "specialist",
        "ethics",
        "technical",
        "societal",
        "involved",
        "analysis"
      ]
    },
    {
      "omp_id": "753",
      "wrl_id": "N/A",
      "title": "AI Adoption Specialist",
      "description": "Facilitates AI adoption by supporting the users of AI-enabled solutions.",
      "community": "DA",
      "category": "N/A",
      "keywords": [
        "users",
        "specialist",
        "enabled",
        "adoption",
        "solutions",
        "operations",
        "da",
        "supporting",
        "facilitates"
      ]
    },
    {
      "omp_id": "902",
      "wrl_id": "N/A",
      "title": "AI Innovation Leader",
      "description": "Builds the organization's AI vision and plan and leads policy and doctrine formation, including how AI solutions can or will be used.",
      "community": "DA",
      "category": "N/A",
      "keywords": [
        "vision",
        "plan",
        "how",
        "solutions",
        "da",
        "management",
        "builds",
        "innovation",
        "leader",
        "policy",
        "leads",
        "organization",
        "used",
        "formation",
        "doctrine",
        "including"
      ]
    },
    {
      "omp_id": "903",
      "wrl_id": "N/A",
      "title": "Data Officer",
      "description": "Holds responsibility for developing, promoting, and overseeing implementation of data as an asset and the establishment and enforcement of data-related strategies, policies, standards, processes, and governance.",
      "community": "DA",
      "category": "N/A",
      "keywords": [
        "establishment",
        "officer",
        "policies",
        "da",
        "asset",
        "data",
        "processes",
        "holds",
        "related",
        "operations",
        "standards",
        "implementation",
        "overseeing",
        "governance",
        "responsibility",
        "enforcement",
        "developing",
        "management",
        "strategies",
        "promoting",
        "analysis"
      ]
    },
    {
      "omp_id": "621",
      "wrl_id": "DD-WRL-003",
      "title": "Software Developer",
      "description": "Executes software planning, requirements, risk management, design, development, architecture, modeling, estimation, configuration management, quality, security, and tests using software development methodologies, architectural structures, viewpoints, styles, design decisions, and frameworks across all lifecycle phases.",
      "community": "SE",
      "category": "DD",
      "keywords": [
        "architecture",
        "risk",
        "development",
        "methodologies",
        "design",
        "operations",
        "developer",
        "software",
        "requirements",
        "using",
        "security",
        "estimation",
        "se",
        "dd",
        "executes",
        "technical",
        "modeling",
        "management",
        "planning",
        "configuration",
        "quality",
        "tests"
      ]
    },
    {
      "omp_id": "461",
      "wrl_id": "IO-WRL-006",
      "title": "Systems Security Analyst",
      "description": "Responsible for analysis and development of systems/software security through the product lifecycle to include integration, testing, operations and maintenance.",
      "community": "SE",
      "category": "IO",
      "keywords": [
        "lifecycle",
        "se",
        "responsible",
        "analyst",
        "technical",
        "operations",
        "product",
        "io",
        "development",
        "software",
        "testing",
        "maintenance",
        "analysis",
        "security",
        "include",
        "integration",
        "systems"
      ]
    },
    {
      "omp_id": "625",
      "wrl_id": "N/A",
      "title": "Product Designer User Interface (UI)",
      "description": "Manages the user interface design portion of the design process of a product.",
      "community": "SE",
      "category": "N/A",
      "keywords": [
        "user",
        "se",
        "product",
        "interface",
        "designer",
        "development",
        "portion",
        "process",
        "manages",
        "design"
      ]
    },
    {
      "omp_id": "626",
      "wrl_id": "N/A",
      "title": "Service Designer User Experience (UX)",
      "description": "Manages the user interface design portion of the design process of a product.",
      "community": "SE",
      "category": "N/A",
      "keywords": [
        "user",
        "se",
        "service",
        "interface",
        "product",
        "designer",
        "development",
        "portion",
        "process",
        "manages",
        "design",
        "experience"
      ]
    },
    {
      "omp_id": "627",
      "wrl_id": "N/A",
      "title": "DevSecOps Specialist",
      "description": "Selects/Deploys/Maintains the set of Continuous Integration/Continuous Deployment (CI/CD) tools and processes used by the development team and/or maintains the deployed software product and ensures observability and security across the lifecycle.",
      "community": "SE",
      "category": "N/A",
      "keywords": [
        "deployed",
        "observability",
        "continuous",
        "tools",
        "development",
        "ensures",
        "processes",
        "devsecops",
        "team",
        "software",
        "security",
        "integration",
        "set",
        "selects",
        "se",
        "maintains",
        "deployment",
        "specialist",
        "technical",
        "product",
        "deploys",
        "used"
      ]
    },
    {
      "omp_id": "628",
      "wrl_id": "N/A",
      "title": "Software/Cloud Architect",
      "description": "Manages and identifies program high-level technical specifications, which may include application design, cloud computing strategy and adoption, and integration of software applications into a functioning system to meet requirements.",
      "community": "SE",
      "category": "N/A",
      "keywords": [
        "which",
        "identifies",
        "functioning",
        "applications",
        "architect",
        "development",
        "high",
        "program",
        "include",
        "computing",
        "manages",
        "design",
        "adoption",
        "software",
        "level",
        "integration",
        "application",
        "system",
        "se",
        "strategy",
        "specifications",
        "technical",
        "cloud",
        "management"
      ]
    },
    {
      "omp_id": "673",
      "wrl_id": "N/A",
      "title": "Software Test & Evaluation Specialist",
      "description": "Plans, prepares, and performs testing, evaluation, verification, and validation of software to evaluate results against specifications, requirements, and operational need.",
      "community": "SE",
      "category": "N/A",
      "keywords": [
        "testing",
        "performs",
        "software",
        "requirements",
        "verification",
        "se",
        "operational",
        "test",
        "plans",
        "evaluation",
        "specifications",
        "specialist",
        "technical",
        "need",
        "analysis",
        "against",
        "prepares",
        "evaluate",
        "validation",
        "results"
      ]
    },
    {
      "omp_id": "806",
      "wrl_id": "N/A",
      "title": "Product Manager",
      "description": "Manages the development of products including the resource management, product strategy (physical or digital), functional requirements, and releases. Coordinate work done by functions (like software engineers, data scientists, and product designers).",
      "community": "SE",
      "category": "N/A",
      "keywords": [
        "coordinate",
        "development",
        "manages",
        "including",
        "requirements",
        "manager",
        "products",
        "software",
        "functional",
        "physical",
        "releases",
        "engineers",
        "done",
        "se",
        "resource",
        "digital",
        "functions",
        "work",
        "strategy",
        "technical",
        "product",
        "like",
        "management",
        "analysis"
      ]
    },
    {
      "omp_id": "TBD-A",
      "wrl_id": "PD-WRL-005",
      "title": "Insider Threat Analysis",
      "description": "Responsible for identifying and assessing the capabilities and activities of cybersecurity insider threats; produces findings to help initialize and support law enforcement and counterintelligence activities and investigations.",
      "community": "CX",
      "category": "PD",
      "keywords": [
        "findings",
        "counterintelligence",
        "threats",
        "cx",
        "produces",
        "initialize",
        "activities",
        "investigations",
        "pd",
        "responsible",
        "operations",
        "law",
        "security",
        "cybersecurity",
        "assessing",
        "support",
        "enforcement",
        "threat",
        "insider",
        "help",
        "identifying",
        "analysis",
        "capabilities"
      ]
    },
    {
      "omp_id": "TBD-B",
      "wrl_id": "DD-WRL-009",
      "title": "Operational Technology (OT) Cybersecurity Engineering",
      "description": "Responsible for working within the engineering department to design and create systems, processes, and procedures that maintain the safety, reliability, controllability, and security of industrial systems in the face of intentional and incidental cyber events. Interfaces with Chief Information Security Officer, plant managers, and industrial cybersecurity technicians.",
      "community": "CX",
      "category": "DD",
      "keywords": [
        "procedures",
        "development",
        "cx",
        "maintain",
        "create",
        "design",
        "processes",
        "intentional",
        "safety",
        "responsible",
        "controllability",
        "security",
        "incidental",
        "cybersecurity",
        "engineering",
        "operational",
        "cyber",
        "dd",
        "systems",
        "industrial",
        "reliability",
        "technical",
        "department",
        "management",
        "technology",
        "face",
        "working"
      ]
    }
  ],
  "communities": {
    "EN": {
      "name": "Cyber Enablers",
      "description": "Personnel qui soutiennent les fonctions cyber-IT, cybersécurité, effets cyberespace ou rôles de la force de travail de renseignement"
    },
    "IT": {
      "name": "Information Technology",
      "description": "Personnel qui conçoivent, construisent, configurent, exploitent et maintiennent l'IT, les réseaux et les capacités"
    },
    "CS": {
      "name": "Cybersecurity",
      "description": "Personnel qui sécurisent, défendent et préservent les données, réseaux et systèmes désignés"
    },
    "CI": {
      "name": "Intel (Cyber)",
      "description": "Personnel qui collectent, traitent, analysent et diffusent des informations sur les programmes cyberespace d'acteurs étrangers"
    },
    "CE": {
      "name": "Cyber Effects",
      "description": "Personnel qui planifient, soutiennent et exécutent des capacités cyberespace pour la défense externe ou la projection de force"
    },
    "DA": {
      "name": "Data/AI",
      "description": "Personnel qui pilotent et soutiennent les capacités de données, d'analyse et d'IA pour l'avantage décisionnel"
    },
    "SE": {
      "name": "Software Engineering",
      "description": "Personnel qui gèrent et identifient les spécifications techniques de haut niveau des programmes"
    },
    "CX": {
      "name": "Sans Communauté",
      "description": "Rôles de travail pas encore attribués à un élément de la force de travail"
    }
  },
  "categories": {
    "OG": {
      "name": "OVERSIGHT and GOVERNANCE",
      "description": "Fournit leadership, gestion, direction et plaidoyer pour la gestion efficace des risques cybersécurité"
    },
    "IN": {
      "name": "INVESTIGATION",
      "description": "Mène des enquêtes nationales de cybersécurité et cybercriminalité"
    },
    "IO": {
      "name": "IMPLEMENTATION and OPERATION",
      "description": "Fournit implémentation, administration, configuration, exploitation et maintenance"
    },
    "DD": {
      "name": "DESIGN and DEVELOPMENT",
      "description": "Mène recherche, conceptualise, conçoit, développe et teste des systèmes technologiques sécurisés"
    },
    "PD": {
      "name": "PROTECTION and DEFENSE",
      "description": "Protège contre, identifie et analyse les risques pour les systèmes technologiques ou réseaux"
    },
    "N/A": {
      "name": "Sans catégorie NCWF",
      "description": "Pas de catégorie NCWF définie"
    }
  }
}